feature,mean_importance,std_importance
cpu_max,0.16445854195226103,0.013178333567556383
cpu_mean,0.15218859155984357,0.017521335955602332
disk_iops_norm,0.14214445691150387,0.004707164426076874
disk_io_rate_norm,0.12503937354022823,0.0047882825230987774
ram_available_ratio,0.086197658302817,0.00221757075215281
ram_used_pct,0.07579150245464254,0.0007506663140165612
swap_used_pct,0.07389051285181676,0.007758626927327754
top_proc_mem_pct,0.07125481796225185,0.008163247116386291
top_proc_cpu_ratio,0.0628414208590679,0.003243018820678534
cpu_std,0.03369736392819927,0.0034504595738390534
cpu_core_imbalance,0.008233479209036271,0.0005258377215911724
process_count_delta,0.004262280468331708,0.0012709522342343141
