machine_id,session_id,condition,stress_level,background_workload,is_ramp_up,timestamp,cpu_overall,cpu_cores_json,vmem_percent,vmem_available,vmem_total,swap_percent,swap_used,swap_total,disk_read_bytes,disk_write_bytes,disk_read_count,disk_write_count,disk_read_time,disk_write_time,process_count,top_proc_cpu,top_proc_rss
physical_machine_A,physical_machine_A_memory_pressure_low_17cca6d0,memory_pressure,low,browser_tabs,1,1790530085.1193879,7.3,"[2.9, 0.0, 0.0, 0.0, 0.0, 2.9, 24.2, 24.2, 0.0, 0.0, 30.3, 35.3, 0.0, 0.0, 0.0, 0.0]",77.7,3786870784,16989728768,5.7,1106722816,19327352832,62761724416,85421210112,6223738,1798190,2483,244,343,0.0,0.0
physical_machine_A,physical_machine_A_memory_pressure_low_17cca6d0,memory_pressure,low,browser_tabs,1,1790530085.6372766,13.1,"[0.0, 0.0, 0.0, 0.0, 22.9, 23.5, 29.4, 45.7, 0.0, 0.0, 52.9, 29.4, 0.0, 0.0, 0.0, 0.0]",77.7,3790798848,16989728768,5.7,1106722816,19327352832,62761724416,85421210112,6223738,1798190,2483,244,343,0.0,0.0
physical_machine_A,physical_machine_A_memory_pressure_low_17cca6d0,memory_pressure,low,browser_tabs,1,1790530086.1387267,9.9,"[3.1, 0.0, 0.0, 0.0, 26.5, 28.1, 18.2, 18.8, 0.0, 0.0, 40.6, 21.9, 0.0, 0.0, 0.0, 0.0]",77.7,3791839232,16989728768,5.7,1106722816,19327352832,62761724416,85421210112,6223738,1798190,2483,244,343,0.0,0.0
physical_machine_A,physical_machine_A_memory_pressure_low_17cca6d0,memory_pressure,low,browser_tabs,1,1790530086.6195042,5.2,"[0.0, 0.0, 0.0, 0.0, 13.3, 10.3, 22.6, 16.7, 0.0, 0.0, 12.9, 6.7, 0.0, 0.0, 0.0, 0.0]",77.7,3792850944,16989728768,5.7,1106722816,19327352832,62761724416,85421234688,6223738,1798193,2483,244,343,2.8375,1017487360.0
physical_machine_A,physical_machine_A_memory_pressure_low_17cca6d0,memory_pressure,low,browser_tabs,1,1790530087.1197722,1.9,"[3.0, 0.0, 0.0, 0.0, 0.0, 0.0, 8.8, 3.0, 0.0, 0.0, 12.1, 3.0, 0.0, 0.0, 0.0, 0.0]",77.7,3793522688,16989728768,5.7,1106722816,19327352832,62761724416,85421324800,6223738,1798206,2483,244,343,2.8375,1017487360.0
physical_machine_A,physical_machine_A_memory_pressure_low_17cca6d0,memory_pressure,low,browser_tabs,1,1790530087.6197248,2.7,"[0.0, 0.0, 0.0, 0.0, 0.0, 0.0, 18.2, 12.1, 0.0, 0.0, 9.4, 3.2, 0.0, 0.0, 0.0, 0.0]",77.7,3794853888,16989728768,5.7,1106722816,19327352832,62761724416,85421378048,6223738,1798215,2483,244,343,2.8375,1017487360.0
physical_machine_A,physical_machine_A_memory_pressure_low_17cca6d0,memory_pressure,low,browser_tabs,1,1790530088.1309214,6.1,"[0.0, 0.0, 0.0, 0.0, 0.0, 0.0, 20.0, 21.2, 0.0, 0.0, 24.2, 33.3, 0.0, 0.0, 0.0, 0.0]",77.7,3792519168,16989728768,5.7,1106722816,19327352832,62761724416,85421533696,6223738,1798219,2483,244,343,2.8375,1017487360.0
physical_machine_A,physical_machine_A_memory_pressure_low_17cca6d0,memory_pressure,low,browser_tabs,1,1790530088.627499,8.9,"[0.0, 0.0, 0.0, 0.0, 17.6, 18.8, 18.2, 15.6, 0.0, 0.0, 34.4, 36.4, 0.0, 0.0, 0.0, 0.0]",77.6,3798478848,16989728768,5.7,1106722816,19327352832,62761724416,85421533696,6223738,1798219,2483,244,343,2.8375,1017487360.0
physical_machine_A,physical_machine_A_memory_pressure_low_17cca6d0,memory_pressure,low,browser_tabs,1,1790530089.119928,11.4,"[0.0, 0.0, 0.0, 0.0, 38.9, 21.2, 40.6, 18.2, 0.0, 0.0, 31.2, 21.9, 0.0, 0.0, 0.0, 0.0]",77.6,3802431488,16989728768,5.7,1106722816,19327352832,62761724416,85421558272,6223738,1798223,2483,244,343,2.89375,1017491456.0
physical_machine_A,physical_machine_A_memory_pressure_low_17cca6d0,memory_pressure,low,browser_tabs,0,1790530089.61947,7.8,"[0.0, 0.0, 0.0, 0.0, 26.5, 6.7, 22.6, 25.0, 6.2, 6.2, 16.1, 15.6, 0.0, 0.0, 0.0, 0.0]",77.6,3799580672,16989728768,5.7,1106722816,19327352832,62761724416,85421558272,6223738,1798223,2483,244,343,2.89375,1017491456.0
physical_machine_A,physical_machine_A_memory_pressure_low_17cca6d0,memory_pressure,low,browser_tabs,0,1790530090.1199942,3.1,"[0.0, 0.0, 0.0, 0.0, 0.0, 0.0, 17.1, 12.1, 0.0, 0.0, 9.1, 9.1, 0.0, 0.0, 0.0, 0.0]",77.6,3800182784,16989728768,5.7,1106722816,19327352832,62761724416,85421558272,6223738,1798223,2483,244,343,2.89375,1017491456.0
physical_machine_A,physical_machine_A_memory_pressure_low_17cca6d0,memory_pressure,low,browser_tabs,0,1790530090.6363163,4.6,"[2.9, 0.0, 0.0, 0.0, 5.9, 5.9, 14.7, 15.2, 0.0, 0.0, 15.2, 15.2, 0.0, 0.0, 0.0, 0.0]",77.6,3802058752,16989728768,5.7,1106722816,19327352832,62761724416,85421562368,6223738,1798224,2483,244,343,2.89375,1017491456.0
physical_machine_A,physical_machine_A_memory_pressure_low_17cca6d0,memory_pressure,low,browser_tabs,0,1790530091.1399965,9.7,"[0.0, 0.0, 0.0, 0.0, 0.0, 0.0, 31.2, 18.2, 0.0, 0.0, 53.1, 53.1, 0.0, 0.0, 0.0, 0.0]",77.6,3804561408,16989728768,5.7,1106722816,19327352832,62761724416,85421562368,6223738,1798224,2483,244,343,2.89375,1017491456.0
physical_machine_A,physical_machine_A_memory_pressure_low_17cca6d0,memory_pressure,low,browser_tabs,0,1790530091.6294084,9.4,"[3.1, 0.0, 0.0, 0.0, 6.2, 9.4, 16.1, 28.1, 0.0, 0.0, 45.2, 43.8, 0.0, 0.0, 0.0, 0.0]",77.6,3803787264,16989728768,5.7,1106722816,19327352832,62761724416,85421869568,6223738,1798238,2483,244,343,2.89375,1017491456.0
physical_machine_A,physical_machine_A_memory_pressure_low_17cca6d0,memory_pressure,low,browser_tabs,0,1790530092.1196892,6.8,"[0.0, 0.0, 0.0, 0.0, 0.0, 0.0, 22.6, 21.9, 0.0, 0.0, 28.1, 31.2, 0.0, 0.0, 0.0, 0.0]",77.6,3804696576,16989728768,5.7,1106722816,19327352832,62761724416,85421869568,6223738,1798238,2483,244,342,2.8875,1017495552.0
physical_machine_A,physical_machine_A_memory_pressure_low_17cca6d0,memory_pressure,low,browser_tabs,0,1790530092.6198893,1.9,"[0.0, 0.0, 0.0, 0.0, 0.0, 0.0, 14.7, 6.5, 0.0, 0.0, 9.1, 0.0, 0.0, 0.0, 0.0, 0.0]",77.6,3807797248,16989728768,5.7,1106722816,19327352832,62761724416,85422184960,6223738,1798264,2483,244,342,2.8875,1017495552.0
physical_machine_A,physical_machine_A_memory_pressure_low_17cca6d0,memory_pressure,low,browser_tabs,0,1790530093.1198146,1.5,"[0.0, 0.0, 0.0, 0.0, 0.0, 0.0, 0.0, 6.1, 0.0, 0.0, 6.2, 12.1, 0.0, 0.0, 0.0, 0.0]",77.6,3805114368,16989728768,5.7,1106722816,19327352832,62761724416,85422266880,6223738,1798274,2483,244,342,2.8875,1017495552.0
physical_machine_A,physical_machine_A_memory_pressure_low_17cca6d0,memory_pressure,low,browser_tabs,0,1790530093.6366801,5.8,"[0.0, 0.0, 0.0, 0.0, 3.0, 3.0, 17.6, 12.1, 0.0, 0.0, 30.3, 27.3, 0.0, 0.0, 0.0, 0.0]",77.6,3805048832,16989728768,5.7,1106722816,19327352832,62761789952,85422266880,6223739,1798274,2483,244,342,2.8875,1017495552.0
physical_machine_A,physical_machine_A_memory_pressure_low_17cca6d0,memory_pressure,low,browser_tabs,0,1790530094.1438107,13.3,"[0.0, 0.0, 0.0, 0.0, 18.8, 25.0, 48.5, 37.5, 0.0, 0.0, 47.1, 37.5, 0.0, 0.0, 0.0, 0.0]",77.6,3808116736,16989728768,5.7,1106722816,19327352832,62761789952,85422266880,6223739,1798274,2483,244,342,2.8875,1017495552.0
physical_machine_A,physical_machine_A_memory_pressure_low_17cca6d0,memory_pressure,low,browser_tabs,0,1790530094.6390169,18.1,"[0.0, 0.0, 0.0, 0.0, 38.2, 31.2, 52.9, 39.4, 0.0, 0.0, 50.0, 68.8, 0.0, 0.0, 0.0, 0.0]",77.6,3812163584,16989728768,5.7,1106722816,19327352832,62761806336,85422799360,6223740,1798280,2483,244,342,2.8875,1017495552.0
physical_machine_A,physical_machine_A_memory_pressure_low_17cca6d0,memory_pressure,low,browser_tabs,0,1790530095.1197932,4.5,"[0.0, 0.0, 0.0, 0.0, 0.0, 3.4, 3.2, 16.1, 0.0, 0.0, 25.0, 21.9, 0.0, 0.0, 0.0, 0.0]",77.6,3812458496,16989728768,5.7,1106722816,19327352832,62761806336,85422799360,6223740,1798280,2483,244,342,2.7875,1017495552.0
physical_machine_A,physical_machine_A_memory_pressure_low_17cca6d0,memory_pressure,low,browser_tabs,0,1790530095.6199498,2.7,"[0.0, 0.0, 0.0, 0.0, 0.0, 0.0, 9.4, 9.4, 0.0, 0.0, 15.2, 9.4, 0.0, 0.0, 0.0, 0.0]",77.6,3813986304,16989728768,5.7,1106722816,19327352832,62761806336,85422799360,6223740,1798280,2483,244,342,2.7875,1017495552.0
physical_machine_A,physical_machine_A_memory_pressure_low_17cca6d0,memory_pressure,low,browser_tabs,0,1790530096.1199667,2.3,"[0.0, 0.0, 0.0, 0.0, 0.0, 0.0, 9.4, 3.1, 0.0, 0.0, 15.2, 9.4, 0.0, 0.0, 0.0, 0.0]",77.6,3814146048,16989728768,5.7,1106722816,19327352832,62761871872,85422815744,6223741,1798283,2483,244,342,2.7875,1017495552.0
physical_machine_A,physical_machine_A_memory_pressure_low_17cca6d0,memory_pressure,low,browser_tabs,0,1790530096.6371772,8.0,"[0.0, 0.0, 0.0, 0.0, 2.9, 8.8, 21.2, 27.3, 0.0, 0.0, 45.5, 24.2, 0.0, 0.0, 0.0, 0.0]",77.6,3808923648,16989728768,5.7,1106722816,19327352832,62761871872,85422815744,6223741,1798283,2483,244,342,2.7875,1017495552.0
physical_machine_A,physical_machine_A_memory_pressure_low_17cca6d0,memory_pressure,low,browser_tabs,0,1790530097.1402118,13.3,"[0.0, 0.0, 0.0, 0.0, 3.0, 3.0, 28.1, 52.9, 0.0, 0.0, 59.4, 66.7, 0.0, 0.0, 0.0, 0.0]",77.4,3834814464,16989728768,5.7,1106722816,19327352832,62761871872,85422836224,6223741,1798284,2483,244,342,2.7875,1017495552.0
physical_machine_A,physical_machine_A_memory_pressure_low_17cca6d0,memory_pressure,low,browser_tabs,0,1790530097.6198862,8.8,"[3.4, 0.0, 0.0, 0.0, 16.1, 16.1, 25.0, 19.4, 3.4, 3.4, 12.9, 34.4, 0.0, 0.0, 0.0, 0.0]",77.3,3852808192,16989728768,5.7,1106722816,19327352832,62761871872,85422836224,6223741,1798284,2483,244,340,2.83125,1017380864.0
physical_machine_A,physical_machine_A_memory_pressure_low_17cca6d0,memory_pressure,low,browser_tabs,0,1790530098.1197734,3.1,"[0.0, 0.0, 0.0, 0.0, 0.0, 0.0, 15.6, 12.1, 0.0, 0.0, 12.5, 9.4, 0.0, 0.0, 0.0, 0.0]",77.3,3852828672,16989728768,5.7,1106722816,19327352832,62761871872,85422836224,6223741,1798284,2483,244,340,2.83125,1017380864.0
physical_machine_A,physical_machine_A_memory_pressure_low_17cca6d0,memory_pressure,low,browser_tabs,0,1790530098.619945,6.4,"[3.1, 0.0, 0.0, 0.0, 0.0, 12.1, 28.6, 15.6, 0.0, 0.0, 15.6, 25.0, 0.0, 0.0, 0.0, 0.0]",77.3,3852304384,16989728768,5.7,1106722816,19327352832,62761871872,85422930432,6223741,1798297,2483,244,340,2.83125,1017380864.0
physical_machine_A,physical_machine_A_memory_pressure_low_17cca6d0,memory_pressure,low,browser_tabs,0,1790530099.1354232,3.7,"[0.0, 0.0, 0.0, 0.0, 0.0, 0.0, 6.2, 25.0, 0.0, 0.0, 15.2, 15.2, 0.0, 0.0, 0.0, 0.0]",77.3,3853934592,16989728768,5.7,1106722816,19327352832,62761871872,85422930432,6223741,1798297,2483,244,340,2.83125,1017380864.0
physical_machine_A,physical_machine_A_memory_pressure_low_17cca6d0,memory_pressure,low,browser_tabs,0,1790530099.6301904,17.9,"[0.0, 0.0, 0.0, 0.0, 33.3, 37.5, 50.0, 57.6, 0.0, 0.0, 54.8, 51.6, 0.0, 0.0, 0.0, 0.0]",77.3,3852328960,16989728768,5.7,1106722816,19327352832,62761871872,85422959104,6223741,1798303,2483,244,340,2.83125,1017380864.0
physical_machine_A,physical_machine_A_memory_pressure_low_17cca6d0,memory_pressure,low,browser_tabs,0,1790530100.139247,16.1,"[0.0, 0.0, 0.0, 0.0, 40.0, 48.5, 45.5, 35.3, 0.0, 0.0, 48.5, 33.3, 0.0, 0.0, 0.0, 0.0]",77.3,3852320768,16989728768,5.7,1106722816,19327352832,62761871872,85422975488,6223741,1798305,2483,244,340,2.83125,1017380864.0
physical_machine_A,physical_machine_A_memory_pressure_low_17cca6d0,memory_pressure,low,browser_tabs,0,1790530100.6196322,7.6,"[0.0, 0.0, 0.0, 0.0, 9.7, 19.4, 25.0, 9.7, 0.0, 3.3, 35.5, 19.4, 0.0, 0.0, 0.0, 0.0]",77.3,3851415552,16989728768,5.7,1106722816,19327352832,62761937408,85423024640,6223742,1798315,2483,244,340,2.8875,1017384960.0
physical_machine_A,physical_machine_A_memory_pressure_low_17cca6d0,memory_pressure,low,browser_tabs,0,1790530101.119753,22.1,"[11.1, 2.9, 0.0, 0.0, 25.0, 15.6, 60.0, 55.9, 23.5, 20.6, 46.9, 58.3, 11.8, 14.3, 0.0, 0.0]",77.5,3815596032,16989728768,5.7,1106722816,19327352832,62761994752,85423213056,6223743,1798329,2483,244,340,2.8875,1017384960.0
physical_machine_A,physical_machine_A_memory_pressure_low_17cca6d0,memory_pressure,low,browser_tabs,0,1790530101.6195714,11.4,"[0.0, 0.0, 0.0, 0.0, 16.7, 0.0, 34.4, 33.3, 20.0, 0.0, 56.2, 18.8, 0.0, 0.0, 0.0, 0.0]",77.5,3818917888,16989728768,5.7,1106722816,19327352832,62761994752,85423491584,6223743,1798350,2483,244,340,2.8875,1017384960.0
physical_machine_A,physical_machine_A_memory_pressure_low_17cca6d0,memory_pressure,low,browser_tabs,0,1790530102.138298,23.6,"[0.0, 0.0, 0.0, 0.0, 35.1, 34.3, 44.1, 53.1, 37.1, 28.6, 64.7, 41.2, 14.3, 22.9, 0.0, 0.0]",77.5,3814846464,16989728768,5.7,1106722816,19327352832,62762269184,85423626752,6223749,1798362,2483,244,340,2.8875,1017384960.0
physical_machine_A,physical_machine_A_memory_pressure_low_17cca6d0,memory_pressure,low,browser_tabs,0,1790530102.63169,36.2,"[33.3, 18.2, 18.2, 12.5, 52.9, 25.8, 71.0, 67.6, 38.7, 35.5, 51.6, 67.7, 32.3, 54.8, 0.0, 0.0]",74.0,4414873600,16989728768,5.7,1106722816,19327352832,62762674688,85424753152,6223762,1798472,2483,244,340,2.8875,1017384960.0
physical_machine_A,physical_machine_A_memory_pressure_low_17cca6d0,memory_pressure,low,browser_tabs,0,1790530103.1326334,20.5,"[0.0, 0.0, 0.0, 0.0, 27.3, 18.8, 41.2, 30.3, 46.9, 43.8, 40.6, 50.0, 9.1, 18.8, 0.0, 0.0]",74.0,4410519552,16989728768,5.7,1106722816,19327352832,62762936832,85424777728,6223767,1798477,2483,244,340,2.8875,1017384960.0
physical_machine_A,physical_machine_A_memory_pressure_low_17cca6d0,memory_pressure,low,browser_tabs,0,1790530103.6195936,19.2,"[0.0, 0.0, 0.0, 0.0, 52.8, 25.0, 60.6, 43.8, 0.0, 3.3, 40.6, 63.9, 0.0, 0.0, 0.0, 0.0]",74.1,4408602624,16989728768,5.7,1106722816,19327352832,62763112960,85424826880,6223772,1798488,2483,244,340,4.04375,1017389056.0
physical_machine_A,physical_machine_A_memory_pressure_low_17cca6d0,memory_pressure,low,browser_tabs,0,1790530104.1197598,17.5,"[0.0, 0.0, 0.0, 0.0, 27.3, 38.2, 59.5, 37.5, 14.7, 6.2, 37.5, 43.8, 0.0, 0.0, 0.0, 0.0]",74.1,4405870592,16989728768,5.7,1106722816,19327352832,62763112960,85425211904,6223772,1798516,2483,244,340,4.04375,1017389056.0
physical_machine_A,physical_machine_A_memory_pressure_low_17cca6d0,memory_pressure,low,browser_tabs,0,1790530104.619501,24.7,"[3.1, 0.0, 0.0, 0.0, 52.9, 55.9, 65.7, 54.5, 18.2, 17.6, 59.4, 57.6, 8.8, 6.1, 0.0, 0.0]",74.1,4395196416,16989728768,5.7,1106722816,19327352832,62763112960,85425220096,6223772,1798518,2483,244,340,4.04375,1017389056.0
physical_machine_A,physical_machine_A_memory_pressure_low_17cca6d0,memory_pressure,low,browser_tabs,0,1790530105.1423352,30.2,"[2.9, 0.0, 0.0, 0.0, 57.5, 40.0, 47.1, 54.3, 51.5, 41.2, 75.8, 54.5, 18.2, 32.4, 0.0, 0.0]",74.2,4384473088,16989728768,5.7,1106722816,19327352832,62763112960,85425310208,6223772,1798521,2483,244,340,4.04375,1017389056.0
physical_machine_A,physical_machine_A_memory_pressure_low_17cca6d0,memory_pressure,low,browser_tabs,0,1790530105.6438694,19.5,"[0.0, 0.0, 0.0, 0.0, 47.2, 33.3, 37.5, 42.4, 9.4, 28.1, 66.7, 37.5, 3.1, 0.0, 0.0, 0.0]",74.2,4389519360,16989728768,5.7,1106722816,19327352832,62763112960,85425531392,6223772,1798537,2483,244,340,4.04375,1017389056.0
physical_machine_A,physical_machine_A_memory_pressure_low_17cca6d0,memory_pressure,low,browser_tabs,0,1790530106.1195273,38.0,"[0.0, 0.0, 0.0, 0.0, 70.7, 50.0, 62.5, 67.6, 64.5, 48.4, 77.4, 74.2, 25.8, 33.3, 0.0, 0.0]",74.2,4383170560,16989728768,5.7,1106722816,19327352832,62763112960,85425531392,6223772,1798537,2483,244,339,2.95,1017393152.0
physical_machine_A,physical_machine_A_memory_pressure_low_17cca6d0,memory_pressure,low,browser_tabs,0,1790530106.6195147,25.2,"[3.1, 0.0, 0.0, 0.0, 54.1, 50.0, 54.5, 55.9, 28.1, 28.6, 58.8, 54.5, 9.7, 3.3, 0.0, 0.0]",74.2,4387962880,16989728768,5.7,1106722816,19327352832,62763112960,85425551872,6223772,1798540,2483,244,339,2.95,1017393152.0
physical_machine_A,physical_machine_A_memory_pressure_low_17cca6d0,memory_pressure,low,browser_tabs,0,1790530107.1194513,14.1,"[0.0, 0.0, 0.0, 0.0, 27.3, 25.0, 28.1, 35.5, 12.9, 10.0, 32.3, 42.4, 0.0, 0.0, 0.0, 0.0]",74.2,4387110912,16989728768,5.7,1106722816,19327352832,62763112960,85425678848,6223772,1798551,2483,244,339,2.95,1017393152.0
physical_machine_A,physical_machine_A_memory_pressure_low_17cca6d0,memory_pressure,low,browser_tabs,0,1790530107.6316986,12.2,"[0.0, 0.0, 0.0, 0.0, 25.7, 18.2, 27.3, 36.4, 14.7, 11.8, 29.4, 32.4, 0.0, 0.0, 0.0, 0.0]",74.2,4390105088,16989728768,5.7,1106722816,19327352832,62763140608,85425728000,6223776,1798557,2483,244,339,2.95,1017393152.0
physical_machine_A,physical_machine_A_memory_pressure_low_17cca6d0,memory_pressure,low,browser_tabs,0,1790530108.1267433,16.4,"[0.0, 0.0, 0.0, 0.0, 28.6, 21.2, 15.6, 28.1, 36.4, 59.4, 31.2, 39.4, 0.0, 0.0, 0.0, 0.0]",74.1,4392448000,16989728768,5.7,1106722816,19327352832,62763140608,85425961472,6223776,1798575,2483,244,339,2.95,1017393152.0
physical_machine_A,physical_machine_A_memory_pressure_low_17cca6d0,memory_pressure,low,browser_tabs,0,1790530108.6340477,19.3,"[0.0, 0.0, 0.0, 0.0, 17.6, 31.2, 28.1, 28.1, 31.2, 59.4, 43.8, 68.8, 0.0, 0.0, 0.0, 0.0]",74.1,4393005056,16989728768,5.7,1106722816,19327352832,62763979264,85425961472,6223793,1798575,2483,244,339,2.95,1017393152.0
physical_machine_A,physical_machine_A_memory_pressure_low_17cca6d0,memory_pressure,low,browser_tabs,0,1790530109.1198308,26.2,"[0.0, 0.0, 0.0, 0.0, 41.2, 45.5, 41.2, 43.8, 40.6, 31.2, 71.9, 60.6, 19.4, 10.0, 0.0, 0.0]",74.1,4394864640,16989728768,5.7,1106722816,19327352832,62764442112,85427862016,6223812,1798842,2483,244,339,3.83125,1017397248.0
physical_machine_A,physical_machine_A_memory_pressure_low_17cca6d0,memory_pressure,low,browser_tabs,0,1790530109.619496,30.1,"[20.6, 21.2, 6.2, 3.1, 51.4, 45.2, 39.4, 48.4, 54.8, 40.0, 60.6, 54.5, 21.9, 18.8, 0.0, 0.0]",74.2,4381126656,16989728768,5.7,1106722816,19327352832,62765179904,85428259840,6223825,1798879,2483,244,339,3.83125,1017397248.0
physical_machine_A,physical_machine_A_memory_pressure_low_17cca6d0,memory_pressure,low,browser_tabs,0,1790530110.1197844,21.1,"[0.0, 0.0, 3.1, 0.0, 47.1, 62.2, 43.8, 45.5, 8.8, 0.0, 56.2, 54.5, 0.0, 0.0, 0.0, 0.0]",74.2,4385243136,16989728768,5.7,1106722816,19327352832,62765696000,85428259840,6223833,1798879,2483,244,339,3.83125,1017397248.0
physical_machine_A,physical_machine_A_memory_pressure_low_17cca6d0,memory_pressure,low,browser_tabs,0,1790530110.642167,21.9,"[0.0, 0.0, 0.0, 0.0, 37.8, 40.0, 39.4, 40.0, 30.3, 33.3, 73.5, 55.9, 0.0, 0.0, 0.0, 0.0]",74.2,4381663232,16989728768,5.7,1106722816,19327352832,62766085120,85428550656,6223839,1798883,2483,244,339,3.83125,1017397248.0
physical_machine_A,physical_machine_A_memory_pressure_low_17cca6d0,memory_pressure,low,browser_tabs,0,1790530111.1439316,28.6,"[0.0, 0.0, 0.0, 0.0, 45.9, 44.1, 53.1, 46.9, 57.6, 68.8, 61.8, 51.5, 14.7, 12.1, 0.0, 0.0]",74.2,4382228480,16989728768,5.7,1106722816,19327352832,62767277056,85430004736,6223858,1798935,2483,244,339,3.83125,1017397248.0
physical_machine_A,physical_machine_A_memory_pressure_low_17cca6d0,memory_pressure,low,browser_tabs,0,1790530111.6427379,31.0,"[21.9, 15.2, 0.0, 0.0, 42.9, 39.4, 40.6, 51.5, 46.9, 62.5, 60.0, 30.3, 43.8, 36.4, 0.0, 0.0]",74.3,4374794240,16989728768,5.7,1106722816,19327352832,62768419840,85430004736,6223879,1798935,2483,244,339,3.83125,1017397248.0
physical_machine_A,physical_machine_A_memory_pressure_low_17cca6d0,memory_pressure,low,browser_tabs,0,1790530112.1198468,19.3,"[0.0, 0.0, 0.0, 0.0, 30.3, 35.5, 29.0, 71.0, 32.3, 30.0, 31.2, 38.7, 0.0, 0.0, 0.0, 0.0]",74.5,4331405312,16989728768,5.7,1106722816,19327352832,62773827584,85430201344,6224036,1798955,2484,244,339,5.98125,1017401344.0
physical_machine_A,physical_machine_A_memory_pressure_low_17cca6d0,memory_pressure,low,browser_tabs,0,1790530112.619856,12.4,"[3.0, 0.0, 0.0, 0.0, 15.2, 12.1, 50.0, 45.5, 0.0, 0.0, 33.3, 34.4, 0.0, 0.0, 0.0, 0.0]",74.6,4318629888,16989728768,5.7,1106722816,19327352832,62780057600,85430201344,6225554,1798955,2484,244,339,5.98125,1017401344.0
physical_machine_A,physical_machine_A_memory_pressure_low_17cca6d0,memory_pressure,low,browser_tabs,0,1790530113.1195676,15.0,"[0.0, 0.0, 0.0, 0.0, 29.4, 34.4, 37.5, 57.6, 0.0, 6.2, 39.4, 34.4, 0.0, 0.0, 0.0, 0.0]",74.6,4316577792,16989728768,5.7,1106722816,19327352832,62782325248,85430201344,6225655,1798955,2484,244,339,5.98125,1017401344.0
physical_machine_A,physical_machine_A_memory_pressure_low_17cca6d0,memory_pressure,low,browser_tabs,0,1790530113.6324203,18.7,"[2.9, 0.0, 0.0, 0.0, 51.5, 25.0, 48.5, 25.0, 28.6, 20.6, 37.5, 62.5, 0.0, 0.0, 0.0, 0.0]",74.6,4307914752,16989728768,5.7,1106722816,19327352832,62790018560,85430660096,6227299,1799005,2484,244,339,5.98125,1017401344.0
physical_machine_A,physical_machine_A_memory_pressure_low_17cca6d0,memory_pressure,low,browser_tabs,0,1790530114.1351318,27.9,"[0.0, 0.0, 0.0, 0.0, 50.0, 31.2, 57.6, 45.5, 59.4, 43.8, 76.5, 42.4, 21.9, 12.5, 0.0, 0.0]",74.7,4302127104,16989728768,5.7,1106722816,19327352832,62795230208,85431144960,6228403,1799045,2484,244,339,5.98125,1017401344.0
physical_machine_A,physical_machine_A_memory_pressure_low_17cca6d0,memory_pressure,low,browser_tabs,0,1790530114.619847,28.2,"[0.0, 0.0, 0.0, 0.0, 54.3, 18.8, 54.3, 53.1, 66.7, 56.2, 67.7, 37.5, 16.7, 6.7, 0.0, 0.0]",74.7,4298907648,16989728768,5.7,1106722816,19327352832,62799072768,85431772160,6229332,1799051,2484,244,341,2.9375,1017401344.0
physical_machine_A,physical_machine_A_memory_pressure_low_17cca6d0,memory_pressure,low,browser_tabs,0,1790530115.1194756,18.1,"[0.0, 0.0, 0.0, 0.0, 42.4, 33.3, 48.6, 32.3, 15.6, 9.7, 72.7, 35.5, 0.0, 0.0, 0.0, 0.0]",74.7,4296630272,16989728768,5.7,1106722816,19327352832,62804606464,85442491392,6230677,1800426,2484,244,341,2.9375,1017401344.0
