window_idx,window_start_offset,window_end_offset,cpu_mean,cpu_max,cpu_std,cpu_core_imbalance,ram_used_pct,ram_available_ratio,swap_used_pct,disk_io_rate_norm,disk_iops_norm,process_count_delta,top_proc_cpu_ratio,top_proc_mem_pct,machine_id,session_id,condition,stress_level,background_workload,is_ramp_up
0,0.0,5.0,7.43,13.1,3.5904348235585926,31.85,77.67,0.22333344503690195,5.700000000000001,4.88856405798711,0.9208117885120626,0.0,0.268842530282638,4.192191534814266,physical_machine_A,physical_machine_A_memory_pressure_low_17cca6d0,memory_pressure,low,browser_tabs,1
1,2.5,7.5,7.05,11.4,2.9239433039038984,31.68,77.62,0.22368309327914987,5.700000000000001,5.0383360847414265,0.786123047501251,-1.0,0.4079787234042553,5.988857448486373,physical_machine_A,physical_machine_A_memory_pressure_low_17cca6d0,memory_pressure,low,browser_tabs,1
2,5.0,10.0,7.419999999999999,18.1,5.300901390853783,33.620000000000005,77.6,0.22397960598213595,5.700000000000001,5.466519430530188,1.1478592842686213,-1.0,0.3894878706199461,5.9888767354334735,physical_machine_A,physical_machine_A_memory_pressure_low_17cca6d0,memory_pressure,low,browser_tabs,0
3,7.5,12.5,7.140000000000001,18.1,5.849254463414784,34.199999999999996,77.58,0.22438598195754317,5.700000000000001,5.2472275908837505,0.7844840935778007,0.0,0.3974089635854342,5.988886378907024,physical_machine_A,physical_machine_A_memory_pressure_low_17cca6d0,memory_pressure,low,browser_tabs,0
4,10.0,15.0,7.07,17.9,5.120557695321,32.88000000000001,77.42999999999998,0.2257159857209087,5.700000000000001,4.6985165439926515,0.8007884792542036,-2.0,0.39736562942008485,5.9885488573327645,physical_machine_A,physical_machine_A_memory_pressure_low_17cca6d0,memory_pressure,low,browser_tabs,0
5,12.5,17.5,12.070000000000002,23.6,7.4353584685309935,42.61,77.35999999999999,0.22612074641449623,5.700000000000001,5.419773781471658,1.3017511093502132,0.0,0.2364333057166528,5.988220979232056,physical_machine_A,physical_machine_A_memory_pressure_low_17cca6d0,memory_pressure,low,browser_tabs,0
6,15.0,20.0,19.889999999999997,36.2,7.830488845248141,57.5,75.74000000000001,0.2424297647739823,5.700000000000001,5.890987413218755,1.7439892295864288,0.0,0.16233031674208148,5.988240266179156,physical_machine_A,physical_machine_A_memory_pressure_low_17cca6d0,memory_pressure,low,browser_tabs,0
7,17.5,22.5,24.509999999999998,38.0,8.016711711585161,63.11999999999999,74.13000000000002,0.2587875308922648,5.700000000000001,5.482775865229957,1.3187250147358631,-1.0,0.14216136270909835,5.988261963994644,physical_machine_A,physical_machine_A_memory_pressure_low_17cca6d0,memory_pressure,low,browser_tabs,0
8,20.0,25.0,23.119999999999997,38.0,8.216081791218974,61.82000000000001,74.17000000000002,0.25829597893672507,5.700000000000001,6.049405078401968,1.9675444500153496,-1.0,0.1446799307958478,5.988283661810134,physical_machine_A,physical_machine_A_memory_pressure_low_17cca6d0,memory_pressure,low,browser_tabs,0
9,22.5,27.5,22.610000000000003,31.0,6.20831879192928,63.510000000000005,74.21,0.2578433383969606,5.700000000000001,6.5286413067141265,2.169110923010252,0.0,0.167265590446705,5.988302948757234,physical_machine_A,physical_machine_A_memory_pressure_low_17cca6d0,memory_pressure,low,browser_tabs,0
10,25.0,30.0,22.41,31.0,6.291873065047216,65.23,74.46000000000001,0.2554454645900089,5.700000000000001,6.913679406083906,3.1007855675114753,2.0,0.21494310575635878,5.9883222357043335,physical_machine_A,physical_machine_A_memory_pressure_low_17cca6d0,memory_pressure,low,browser_tabs,0
